{
    "accuracy": 0.9309712889431888,
    "precision": 0.9308556890000298,
    "recall": 0.9309712889431888,
    "roc_auc": 0.9321491102409831
}
