{
    "accuracy": 0.927536231884058,
    "precision": 0.9280853969646964,
    "recall": 0.927536231884058,
    "roc_auc": 0.9266964148330511
}
