{
    "accuracy": 0.931582162492364,
    "precision": 0.9318951170294223,
    "recall": 0.931582162492364,
    "roc_auc": 0.9316572756502086
}
