{"accuracy": 0.9500454132606722, "precision": 0.9484850221707672, "recall": 0.9500454132606722, "roc_auc": 0.9336182336182337}